{"accuracy": [0.07031655422937208, 0.23118837571354436], "_timestamp": 1717047894.7683835, "_runtime": 462.76510858535767, "_step": 1}