{"acc": 0.7601999080876445, "loss": 0.1886763417052421, "_timestamp": 1717045180.9636874, "_runtime": 113.49687552452087, "_step": 7, "_wandb": {"runtime": 113}}