{"client_id": 16, "epoch": 0, "loss": 1.6161938269933065, "_timestamp": 1719557589.4172826, "_runtime": 72.4881796836853, "_step": 17, "train_accuracy": 37.333333333333336, "_wandb": {"runtime": 90}}