{"client_id": 17, "epoch": 0, "loss": 1.6590552102116978, "_timestamp": 1719557390.1470962, "_runtime": 83.49324011802673, "_step": 19, "train_accuracy": 26.470588235294116, "_wandb": {"runtime": 113}}